{
  "VideoGames": [
    {
      "ProductID": "196388432073",
      "QtyToList": 1,
      "Title": "Call Of Duty: Black Ops 6 for Playstation 5 ",
      "Year": 2024,
      "Disc type": "PS5     ",
      "PosterURL": "/images/indianajones.jpg",
      "CurrentPrice": 74.99,
      "Description": " NEW shooter action cross       "
    },
    {
      "ProductID": "196388432004",
      "QtyToList": 1,
      "Title": "Call Of Duty: Black Ops 6 for Playstation 4 ",
      "Year": 2024,
      "Disc type": "PS4     ",
      "CurrentPrice": 74.99,
      "Description": " NEW shooter action cross       "
    },
    {
      "ProductID": "752919460146",
      "QtyToList": 1,
      "Title": "Red Faction II ",
      "Year": 2002,
      "Disc type": "PS2     ",
      "CurrentPrice": 17.99,
      "Description": " classic action space war shooter game w/manual       "
    },
    {
      "ProductID": "883929648092",
      "QtyToList": 1,
      "Title": "Injustice Gods Among Us Ultimate Edition ",
      "Year": 2013,
      "Disc type": "PS4     ",
      "CurrentPrice": 11.99,
      "Description": " fighting dc superheroes       "
    },
    {
      "ProductID": "711719504597",
      "QtyToList": 1,
      "Title": "The Show 17 ",
      "Year": 2017,
      "Disc type": "PS4     ",
      "CurrentPrice": 14.99,
      "Description": " NEW baseball playing and career growth sports game       "
    },
    {
      "ProductID": "014633733808",
      "QtyToList": 1,
      "Title": "Madden 16 ",
      "Year": 2016,
      "Disc type": "PS4     ",
      "CurrentPrice": 5.99,
      "Description": " football multiplayer career sports game       "
    },
    {
      "ProductID": "Does Not Apply",
      "QtyToList": 1,
      "Title": "Madden 15 ",
      "Year": 2015,
      "Disc type": "PS3     ",
      "CurrentPrice": 7.99,
      "Description": " football sports career game       "
    },
    {
      "ProductID": "887256015657",
      "QtyToList": 1,
      "Title": "For Honor ",
      "Year": 2018,
      "Disc type": "PS4     ",
      "CurrentPrice": 9.99,
      "Description": " NEW brand new medieval duel and versus game       "
    },
    {
      "ProductID": "710425579264",
      "QtyToList": 1,
      "Title": "NBA 2K23 ",
      "Year": 2022,
      "Disc type": "Sony   Playstation 5 PS5",
      "CurrentPrice": 65.99,
      "Description": " basketball sports family fun       "
    },
    {
      "ProductID": "014633382921",
      "QtyToList": 1,
      "Title": "Madden NFL 25 ",
      "Year": 2024,
      "Disc type": "Sony   Playstation 5 ",
      "CurrentPrice": 74.99,
      "Description": " PS5 NEW action sports football game        "
    },
    {
      "ProductID": "662248914527",
      "QtyToList": 1,
      "Title": "Murder Soul Suspect ",
      "Year": 2014,
      "Disc type": "Sony   Playstation 3 ",
      "CurrentPrice": 14.99,
      "Description": " PS3       "
    },
    {
      "ProductID": "816819010815",
      "QtyToList": 1,
      "Title": "Metro Last Light ",
      "Year": 2013,
      "Disc type": "Sony   Playstation 3 ",
      "CurrentPrice": 9.99,
      "Description": " PS3       "
    },
    {
      "ProductID": "014633195842",
      "QtyToList": 1,
      "Title": "Mass Effect 3 ",
      "Year": 2012,
      "Disc type": "Sony   Playstation 3 ",
      "CurrentPrice": 6.99,
      "Description": " PS3       "
    },
    {
      "ProductID": "722674111720",
      "QtyToList": 1,
      "Title": "Naruto Shippuden Ultimate Ninja Storm Revolution ",
      "Year": 2014,
      "Disc type": "Sony   Playstation 3 ",
      "CurrentPrice": 17.99,
      "Description": " PS3       "
    },
    {
      "ProductID": "008888346296",
      "QtyToList": 1,
      "Title": "Michael Jackson The Experience ",
      "Year": 2011,
      "Disc type": "Sony   Playstation 3 ",
      "CurrentPrice": 5.99,
      "Description": " PS3       "
    },
    {
      "ProductID": "711719982982",
      "QtyToList": 1,
      "Title": "Beyond Two Souls ",
      "Year": 2013,
      "Disc type": "Sony   Playstation 3 ",
      "CurrentPrice": 6.99,
      "Description": " PS3       "
    },
    {
      "ProductID": "008888347200",
      "QtyToList": 1,
      "Title": "Just Dance 4 ",
      "Year": 2012,
      "Disc type": "Sony   Playstation 3 ",
      "CurrentPrice": 6.99,
      "Description": " PS3       "
    },
    {
      "ProductID": "008888348221",
      "QtyToList": 1,
      "Title": "Just Dance 2014 ",
      "Year": 2014,
      "Disc type": "Sony   Playstation 3 ",
      "CurrentPrice": 6.99,
      "Description": " PS3       "
    },
    {
      "ProductID": "854952003011",
      "QtyToList": 1,
      "Title": "Bound By Flame ",
      "Year": 2014,
      "Disc type": "Sony   Playstation 3 ",
      "CurrentPrice": 6.99,
      "Description": " PS3       "
    },
    {
      "ProductID": "044702010622",
      "QtyToList": 1,
      "Title": "Disney Universe ",
      "Year": 2013,
      "Disc type": "Sony   Playstation 3 ",
      "CurrentPrice": 19.99,
      "Description": " PS3       "
    },
    {
      "ProductID": "0848466000406",
      "QtyToList": 1,
      "Title": "Tropico 5 ",
      "Year": 2015,
      "Disc type": "Sony   Playstation 4 ",
      "CurrentPrice": 12.99,
      "Description": " PS4       "
    },
    {
      "ProductID": "0812303010552",
      "QtyToList": 1,
      "Title": "Prison Architect ",
      "Year": 2016,
      "Disc type": "Sony   Playstation 4 ",
      "CurrentPrice": 29.99,
      "Description": " PS4       "
    },
    {
      "ProductID": "0093155171480",
      "QtyToList": 1,
      "Title": "Prey ",
      "Year": 2023,
      "Disc type": "Sony   Playstation 4 ",
      "CurrentPrice": 12.99,
      "Description": " PS4       "
    },
    {
      "ProductID": "0711719508700",
      "QtyToList": 1,
      "Title": "Nioh ",
      "Year": 2017,
      "Disc type": "Sony   Playstation 4 ",
      "CurrentPrice": 10.99,
      "Description": " PS4       "
    },
    {
      "ProductID": "0711719510536",
      "QtyToList": 1,
      "Title": "The Show 18 ",
      "Year": 2018,
      "Disc type": "Sony   Playstation 4 ",
      "CurrentPrice": 6.99,
      "Description": " PS4       "
    },
    {
      "ProductID": "4988601009041",
      "QtyToList": 1,
      "Title": "Dragon Quest Heroes ",
      "Year": 2015,
      "Disc type": "Sony   Playstation 4 ",
      "CurrentPrice": 14.99,
      "Description": " PS4       "
    },
    {
      "ProductID": "0093155170742",
      "QtyToList": 1,
      "Title": "Dishonored 2 ",
      "Year": 2016,
      "Disc type": "Sony   Playstation 4 ",
      "CurrentPrice": 7.99,
      "Description": " PS4       "
    },
    {
      "ProductID": "0093155172265",
      "QtyToList": 1,
      "Title": "Dishonored Death of the Outsider ",
      "Year": 2017,
      "Disc type": "Sony   Playstation 4 ",
      "CurrentPrice": 13.99,
      "Description": " PS4       "
    },
    {
      "ProductID": "0047875846913",
      "QtyToList": 1,
      "Title": "Destiny ",
      "Year": 2014,
      "Disc type": "Sony   Playstation 4 ",
      "CurrentPrice": 6.99,
      "Description": " PS4 Space Shooting Action        "
    },
    {
      "ProductID": "0850942007045",
      "QtyToList": 1,
      "Title": "Bullstorm Full Clip Edition ",
      "Year": 2017,
      "Disc type": "Sony   Playstation 4 ",
      "CurrentPrice": 42.99,
      "Description": " PS4       "
    },
    {
      "ProductID": "0710425474705",
      "QtyToList": 1,
      "Title": "Battleborn ",
      "Year": 2015,
      "Disc type": "Sony   Playstation 4 ",
      "CurrentPrice": 4.99,
      "Description": " PS4       "
    },
    {
      "ProductID": "0816819013625",
      "QtyToList": 1,
      "Title": "Agents of Mayhem ",
      "Year": 2017,
      "Disc type": "Sony   Playstation 4 ",
      "CurrentPrice": 5.99,
      "Description": " PS4       "
    },
    {
      "ProductID": "047875102460",
      "QtyToList": 1,
      "Title": "Call Of Duty Vanguard ",
      "Year": 2021,
      "Disc type": "Sony   Playstation 4 ",
      "CurrentPrice": 39.99,
      "Description": " PS4 activision zombies war fps       "
    },
    {
      "ProductID": "711719519065",
      "QtyToList": 1,
      "Title": "Ghost Of Tsushima ",
      "Year": 2020,
      "Disc type": "Sony   Playstation 4 ",
      "CurrentPrice": 39.99,
      "Description": " NEW PS4 ancient japan adventure       "
    },
    {
      "ProductID": "0711719524663",
      "QtyToList": 1,
      "Title": "MLB The Show 20 ",
      "Year": 2020,
      "Disc type": "Sony   Playstation 4 ",
      "CurrentPrice": 19.99,
      "Description": " NEW baseball sports PS4       "
    },
    {
      "ProductID": "0014633372458",
      "QtyToList": 1,
      "Title": "Battlefield V ",
      "Year": 2018,
      "Disc type": "Sony   Playstation 4 ",
      "CurrentPrice": 19.99,
      "Description": " PS4 EA war simulation destruction       "
    },
    {
      "ProductID": "711719518976",
      "QtyToList": 1,
      "Title": "Concrete Genie ",
      "Year": 2019,
      "Disc type": "Sony   Playstation 4 ",
      "CurrentPrice": 14.99,
      "Description": " NEW PS4 action-adventure game story       "
    },
    {
      "ProductID": "887256090432",
      "QtyToList": 1,
      "Title": "Tom Clancy's Ghost Recon Breakpoint ",
      "Year": 2019,
      "Disc type": "Sony   Playstation 4 ",
      "CurrentPrice": 14.99,
      "Description": " NEW PS4 action       "
    },
    {
      "ProductID": "710425574931",
      "QtyToList": 1,
      "Title": "Borderlands 3 ",
      "Year": 2019,
      "Disc type": "Sony   Playstation 4 ",
      "CurrentPrice": 9.99,
      "Description": " NEW PS4       "
    },
    {
      "ProductID": "0887256036454",
      "QtyToList": 1,
      "Title": "Tom Clancy's The Division 2 -- Standard Edition ",
      "Year": 2019,
      "Disc type": "Sony   PlayStation 4 ",
      "CurrentPrice": 11.99,
      "Description": " PS4       "
    },
    {
      "ProductID": "711719051275",
      "QtyToList": 1,
      "Title": "Sony Playstation 4 PS4 Console ",
      "Year": 2016,
      "Disc type": "VIDEOGAME    ",
      "CurrentPrice": 129.99,
      "Description": " 500GB good working console        "
    },
    {
      "ProductID": "014633191691",
      "QtyToList": 1,
      "Title": "AC/DC Live Rockband Track Pack ",
      "Year": 2008,
      "Disc type": "VIDEOGAME     ",
      "CurrentPrice": 4.99,
      "Description": " rock and roll rhythm game        "
    }
  ]
}